[
  {
    "icon": "fa fa-home",
    "slug": "external",
    "title": "Volver al inicio",
    "path": "index.html"
  }, 
  { 
    "id": 1,
    "icon": "fa fa-play-circle",
    "slug": "introduccion",
    "title": "Introducción",
    "breadcrumb": ["Inicio","Introducción"],
    "path": "pages/introduccion.html"  
  }, 
  { 
    "id": 1,
    "icon": "fa fa-play-circle",
    "slug": "Mercados",
    "title": "1. Mercados",
    "breadcrumb": ["Inicio","Introducción"],
    "path": "pages/1-tema.html",    
    "submenu": [
      {
        "icon": "fa fa-file-text",
        "slug": "Mercados",
        "title": "1.1 Función",
        "anchor": "11"
      },   
      {
        "icon": "fa fa-file-text",
        "slug": "Mercados",
        "title": "1.2 ¿Qué es un mercado?",
        "anchor": "12"
      },
      {
        "icon": "fa fa-file-text",
        "slug": "Mercados",
        "title": "1.3 Clasificación de los mercados",
        "anchor": "13"
      }    
    ]   
  },
  { 
    "id": 1,
    "icon": "fa fa-file-text",
    "slug": "Sectores_De_La_Economia",
    "title": "2. Sectores de la economía",
    "breadcrumb": ["Inicio","Introducción"],
    "path": "pages/2-tema.html",    
    "submenu": [
      {
        "icon": "fa fa-file-text",
        "slug": "Sectores_De_La_Economia",
        "title": "2.1 Teorías económicas",
        "anchor": "21"
      },   
      {
        "icon": "fa fa-file-text",
        "slug": "Sectores_De_La_Economia",
        "title": "2.2 Distribución de los sectores económicos",
        "anchor": "22"
      },
      {
        "icon": "fa fa-file-text",
        "slug": "Sectores_De_La_Economia",
        "title": "2.3 Clasificación de los sectores económicos",
        "anchor": "23"
      },   
      {
        "icon": "fa fa-file-text",
        "slug": "Sectores_De_La_Economia",
        "title": "2.4 Subsectores económicos",
        "anchor": "24"
      },   
      {
        "icon": "fa fa-file-text",
        "slug": "Sectores_De_La_Economia",
        "title": "2.4 Crecimiento económico colombiano",
        "anchor": "25"
      }      
    ]   
  },
  { 
    "id": 1,
    "icon": "fa fa-file-text",
    "slug": "La_Oferta_Exportable",
    "title": "3. La oferta exportable",
    "breadcrumb": ["Inicio","Introducción"],
    "path": "pages/3-tema.html",    
    "submenu": [
      {
        "icon": "fa fa-file-text",
        "slug": "La_Oferta_Exportable",
        "title": "3.1 Introducción al mercadeo internacional",
        "anchor": "31"
      },   
      {
        "icon": "fa fa-file-text",
        "slug": "La_Oferta_Exportable",
        "title": "3.2 ¿Qué es la Oferta Exportable?",
        "anchor": "32"
      },
      {
        "icon": "fa fa-file-text",
        "slug": "La_Oferta_Exportable",
        "title": "3.3 Desplazamientos de la curva de oferta",
        "anchor": "33"
      }
    ]
  },
  { 
    "id": 1,
    "icon": "fa fa-file-text",
    "slug": "Oferta_Exportable_De_Colombia",
    "title": "4. Oferta exportable de Colombia",
    "breadcrumb": ["Inicio","Introducción"],
    "path": "pages/4-tema.html",    
    "submenu": [
      {
        "icon": "fa fa-file-text",
        "slug": "Oferta_Exportable_De_Colombia",
        "title": "4.1 Introducción",
        "anchor": "41"
      },   
      {
        "icon": "fa fa-file-text",
        "slug": "Oferta_Exportable_De_Colombia",
        "title": "4.2 Regiones económicas de Colombia",
        "anchor": "42"
      },   
      {
        "icon": "fa fa-file-text",
        "slug": "Oferta_Exportable_De_Colombia",
        "title": "4.3 Mapa oferta exportable por regiones económicas",
        "anchor": "43"
      }
    ]
  },
  { 
    "id": 1,
    "icon": "fa fa-file-text",
    "slug": "La_Planeacion_Extrategica",
    "title": "5. La planeación extratégica",
    "breadcrumb": ["Inicio","Introducción"],
    "path": "pages/5-tema.html",    
    "submenu": [
      {
        "icon": "fa fa-file-text",
        "slug": "La_Planeacion_Extrategica",
        "title": "5.1 ¿Qué es planear?",
        "anchor": "51"
      },   
      {
        "icon": "fa fa-file-text",
        "slug": "La_Planeacion_Extrategica",
        "title": "5.2 Ventajas de planear",
        "anchor": "52"
      },
      {
        "icon": "fa fa-file-text",
        "slug": "La_Planeacion_Extrategica",
        "title": "5.3 Partes del proceso de planeación",
        "anchor": "53"
      },
      {
        "icon": "fa fa-file-text",
        "slug": "La_Planeacion_Extrategica",
        "title": "5.4 Planes y tipos",
        "anchor": "54"
      },
      {
        "icon": "fa fa-file-text",
        "slug": "La_Planeacion_Extrategica",
        "title": "5.5 Planeación estratégica de mercados.",
        "anchor": "55"
      }
    ]
  }

]